group,type,number,weight
SJueugoIpXO,gHxgIVNyefwPOA,7978505589573536148,8553719756145278188
mTIcJJDTDJI,ofWiiXCFLGSk,1302481783172867590,6102355674117985946
xZHmxsgyYfca,aHsnHaORyCX,2914392339319306498,4815651637223761097
KAykMUCTyaOmD,dnKBEmruoC,8604870537291820771,2903706446771200721
oVJplVBWcxSm,sfoFyEKSaAJ,8826758975656083463,2459133201324651725
JlQUAclDXGYX,acEkMukWfDzml,3971367440763664923,188168909744828174
UlaSWwNhBnGpPv,ojPypGeHGDk,8212756471377589380,7344605112479423272
fGZjDtXVgMi,cZqVyDNbjBWdQ,4717061135236111410,5890330616986226752
mTIcJJDTDJI,IfvnZNQMYuEKbJ,6561590584346864351,7834798506010171885
AluljbrRXXJjx,dFSWrcAhuY,2735736675280019177,7075358009286168442
oVJplVBWcxSm,ctJJqHGeOei,1335152929545002306,3766018577912436142
xZHmxsgyYfca,UvnfzgMUOKaIZF,1520382578755690691,6384327808789205363
oVJplVBWcxSm,lMbnKIGUzXv,8572829733375141382,5217431994737793835
UlaSWwNhBnGpPv,gMSRhjrkZnvzU,5185645886627272479,7986835792590695633
UlaSWwNhBnGpPv,FPyAIzMIyEtUR,9044195895037781914,912316843119620084
KAykMUCTyaOmD,ibRFcMbpBkG,7854666456550981833,8107739200385549476
UlaSWwNhBnGpPv,ImzZiHFNPsIPkP,5977415065485571145,7208074925171026832
JlQUAclDXGYX,mMeyAUOSdKe,4174077200325674328,6517683032757329741
xZHmxsgyYfca,aHsnHaORyCX,5811099357781418900,4531940507936560530
mTIcJJDTDJI,YLxVmsxxEzRuE,5093993573317550083,5686340964433179911
zWrhSxwlMWktC,ogQgmLcTWC,8641423437936058918,6542914619769888560
UlaSWwNhBnGpPv,GPdrtirhGfHnm,562051418559294614,1542637309025416685
JlQUAclDXGYX,clCRBiCIyxtTKq,5741067143224794944,5775221962593013846
fGZjDtXVgMi,tMKBRnosLB,7654163593093817364,781135242248114053
AluljbrRXXJjx,gztnUrXcue,8042581170251517308,123570242633290476
xZHmxsgyYfca,AIbaCDrAmXz,6975437448797193274,4803569982994848521
JlQUAclDXGYX,upVvtfNtuGO,1912586150733773117,6133049115018885108
oVJplVBWcxSm,PXDGsWfnRODTe,5674753629168089724,2214319101677454524
UlaSWwNhBnGpPv,QNaIAtaYWsYP,6878769535230300276,5454417148298212786
SJueugoIpXO,YVWFVqaTEXqAxG,7610761253848581165,8940228869564972939
xZHmxsgyYfca,QySMQOVUnFwO,3361407352288294231,2773985057042763461
oVJplVBWcxSm,obfjSXiXxMYn,3629267692765370397,7274027307715479134
mTIcJJDTDJI,xqXoiJFXQwvZy,3383736119164355690,4535945588072162148
UlaSWwNhBnGpPv,leZrbDDYPgv,6788090353794374102,7499886929630859703
SJueugoIpXO,QDCsGrKZBVnvWN,1002429767691284278,4959418432711844090
SJueugoIpXO,DHvaCHCnJL,3959322728652691665,256038100486892789
mTIcJJDTDJI,QjlftudsJx,1235254169255153276,4263913864043674701
xZHmxsgyYfca,dwIYJBwIvaGW,9080079398993520531,4814524516361315641
UlaSWwNhBnGpPv,GRfTmsbDrRAit,3230172261425329405,8329778777445633799
JlQUAclDXGYX,FcCqhmZSgYuNF,5154702746533281668,8511083932475714818
fGZjDtXVgMi,MmWZRcbTHStTj,2454908139113064960,7574122846001305225
xZHmxsgyYfca,aHsnHaORyCX,8684336768635673844,7749469260683753693
zWrhSxwlMWktC,SDlCJpGheamO,9149899003638902631,1077297326365155623
xZHmxsgyYfca,aHsnHaORyCX,5758328803388916253,2337210252263810708
AluljbrRXXJjx,hJMsjFRjuf,2744147989217677179,7557258970189985449
AluljbrRXXJjx,ehTuJAOPlKJ,5816516179983482748,6995772099869683658
mTIcJJDTDJI,WhgdfNzdydzv,6980143768917707410,5713301128936579048
UlaSWwNhBnGpPv,LKgqeoTyQoV,5494200988497507207,2986332756587519399
xZHmxsgyYfca,KQnLxvnNtNJNMZ,2743573840772567954,7592800821438607927
zWrhSxwlMWktC,gIeJIlJfaMCu,2280566123687944778,1293101157526478893
AluljbrRXXJjx,XLAAriqaFwzmJv,5031501204528518758,8830610266140870182
KAykMUCTyaOmD,bqQMPHVYZIu,4971303680600267361,6612045538407188276
xZHmxsgyYfca,aHsnHaORyCX,7533967272850580364,6138161302544120811
SJueugoIpXO,KaVaOnyetF,5661385984770890071,6113107055238467975
KAykMUCTyaOmD,ooPgXLWiuV,4543134295959434163,2620500930004768713
UlaSWwNhBnGpPv,TbqeWwBoMzQZF,5170020430935497934,2551375658169535179
fGZjDtXVgMi,RhysJixIbfLqn,2903478615274817315,2331453492015595435
AluljbrRXXJjx,HGQLWFgzBFx,3061466144305832399,7423606651501494917
oVJplVBWcxSm,fzwRGBicrImqmr,2780655847151382622,8887139189389707591
zWrhSxwlMWktC,dYwDDPdLUrFI,1039136896276219051,8169179063321046540
fGZjDtXVgMi,qDLFqJCYisS,9171072368202801573,1410914435214412769
KAykMUCTyaOmD,JVTzGIwOYFKJ,948626540146759276,1034237095725645226
JlQUAclDXGYX,sYkTNYCCeRnfmj,6836039718877359937,3490134561249814509
JlQUAclDXGYX,bSRroSUcme,7364088554386711744,1665904769092522030
mTIcJJDTDJI,TrBBRdCQVwYXnE,6457674612633236174,5838748971937219062
UlaSWwNhBnGpPv,GRfTmsbDrRAit,6424078406592620219,1281121423029300893
SJueugoIpXO,NPDHoyYeoPaSjT,1873435272116065539,9128010190121006167
zWrhSxwlMWktC,ZwmpynJZzWlsP,2939497394001883276,5587923567638230395
UlaSWwNhBnGpPv,kPpiiTLcHxCZkY,8337277671617312646,5924267132950193709
mTIcJJDTDJI,QjlftudsJx,1156923318078472436,8857790942942662860
zWrhSxwlMWktC,gacwdqIYPvpQ,4030538071867567450,6726843470696846206
xZHmxsgyYfca,WLmZWgdimgcoEQ,6913239911830227453,5551445407703671503
SJueugoIpXO,SSAYietTqzhZh,211231268693153118,736104770061960783
JlQUAclDXGYX,sYkTNYCCeRnfmj,7718728710276333444,4039157857748324261
KAykMUCTyaOmD,ysnxeCjYwQ,2122602351269670508,6238442193036227763
xZHmxsgyYfca,aHsnHaORyCX,6739927737750380043,2783880467412338974
SJueugoIpXO,gLPllOGfasFVE,4949734279446573434,7922089047325819111
xZHmxsgyYfca,riOtyQOmVOt,3413611775107652652,3771235377996256349
zWrhSxwlMWktC,MVHuBklhXznuX,6838666112742162595,5586749070987730943
UlaSWwNhBnGpPv,gFLMPVAwiSFO,6084236447793230978,8104067405051904237
fGZjDtXVgMi,pikvqLdFrFeUx,4523935720290136578,6966899646399640797
xZHmxsgyYfca,WRSUiTOmxCcLOM,3730715286476919327,8354783612368958577
SJueugoIpXO,UoqkRzUFGZiZJ,3322356919053998613,334299821541513019
oVJplVBWcxSm,plHZXaGBoD,8192578831901217069,3313981901214296618
UlaSWwNhBnGpPv,tdjRYPRkwI,8501200681005162710,1956162330838901299
AluljbrRXXJjx,KpEzcteMJcc,5008551362896383300,7634374520694705932
JlQUAclDXGYX,IFFAfzOkyPRDH,2078605587609896937,827708744105580847
mTIcJJDTDJI,ulaFwiXQFDZKk,474880015108652710,1063203786989003270
KAykMUCTyaOmD,UYHTfGCIrbLSTR,8371460748643359017,6436928393843537452
UlaSWwNhBnGpPv,FehAdhfxxSIF,1987575923036968650,1553410174491978997
AluljbrRXXJjx,ThiHNxQFtY,779014351881591108,2564209592615476300
KAykMUCTyaOmD,QEljNPWwPjPnLG,3264917045400603963,2857365120087230016
fGZjDtXVgMi,QMnekQyFzEDA,7201807938342283904,4543579254410653895
zWrhSxwlMWktC,iTOxFFRVThjRMk,8785006422824301581,7494005155828282568
xZHmxsgyYfca,dvbPADtRtHJU,4468511031373589214,8181225966834150297
oVJplVBWcxSm,plHZXaGBoD,6807444906581035909,8311681270855984858
KAykMUCTyaOmD,KUNyNBEGMoOSs,182971535388399746,5238289194887358601
UlaSWwNhBnGpPv,KOTkodPagnEN,1107335999409140341,653973489798106741
oVJplVBWcxSm,jwhfNEaYHNB,5049675954314477732,8026840945502356117
UlaSWwNhBnGpPv,ODIHesWiZlAUCV,836396344651873094,1450178484303754301
AluljbrRXXJjx,ntvVBeixiYExt,908479746933594408,7774367489422517343
AluljbrRXXJjx,ThiHNxQFtY,7500230414807677880,3033297986003200320
UlaSWwNhBnGpPv,NnumuhxcWhKT,5787826295581950630,3166973187434100615
JlQUAclDXGYX,PoOkixorJzeRSP,5863936391497750261,3780199517531305624
mTIcJJDTDJI,QJPuRyTBWoR,7903230420227402492,7718687135911520587
JlQUAclDXGYX,bJnRLpalzbHX,8683547592845753434,4877346071665779392
zWrhSxwlMWktC,mllGvOijKBOR,788278336873896053,3579377713395228014
SJueugoIpXO,DAGegXLqNfW,5003768390138754701,1915469094975367700
fGZjDtXVgMi,EEwLnfvWre,215979715567595456,8287484304978412877
oVJplVBWcxSm,oksxsacyKTxF,1170335423974962090,4138664378328624286
AluljbrRXXJjx,ubILeNfqHfV,6096831701848459845,8715731114690066945
fGZjDtXVgMi,QJeIzqqSWI,3297440016958064017,4826664136084894482
KAykMUCTyaOmD,SgPbtUuUHCoj,1960883989430572858,2431130049699000993
AluljbrRXXJjx,NtXOysaqggns,7585224933184594734,1518859657709045530
SJueugoIpXO,AplmIMpsYxDnJ,3129394642450362440,5198617558905824402
oVJplVBWcxSm,hOjIYFkcNFm,1996382018638627732,5039078962312851626
mTIcJJDTDJI,BBZYAeQFewvfm,7469859240120551929,7279760985782891286
fGZjDtXVgMi,lTkRQSLQPVDnuU,6875266718997673503,741668534471637409
AluljbrRXXJjx,LWfMSNhHxXG,1683860822776570973,4508638432023026897
zWrhSxwlMWktC,hzkVgQsHria,7492932453316971342,2726240078436373012
mTIcJJDTDJI,cMhBPbDpmcl,4570993154211821391,3344239019889345870
zWrhSxwlMWktC,SeJhuDsTwdMe,4489345835745920790,7017021717118429898
KAykMUCTyaOmD,gALlbjMdkfuG,8497965707897746385,3814403262157452907
KAykMUCTyaOmD,WmJbPDbdVUvb,1666915835346911764,5211623224107960216
mTIcJJDTDJI,QjlftudsJx,7642289685321330621,1557555981840433828
JlQUAclDXGYX,tYFYBasXmA,9161733149519306928,3658193915640809307
oVJplVBWcxSm,mwIZVqkRDxrxP,5804823844684363758,537284187659450752
mTIcJJDTDJI,oeUSsyTWjckmQ,4980688896114018928,6979322029478850015
zWrhSxwlMWktC,uDiDUheGNX,3775915124374619834,6327832657490452701
KAykMUCTyaOmD,xAIeSAExmR,6556060397029268795,3488217185493852477
JlQUAclDXGYX,EUXtJHVCXS,6373345586597640794,4944024617105777534
fGZjDtXVgMi,zHjZCBuJcMYM,4044461533139182214,3617998245251236077
SJueugoIpXO,BKRgjKjXsKHqmr,3210272364015880240,6755387235963555829
oVJplVBWcxSm,FYerPyaavIR,3500821941854231602,978216871901237347
xZHmxsgyYfca,UaWAZmTbkZX,71534429938418876,8892074242292574806
AluljbrRXXJjx,rGMhskxDabMW,4622839939715188132,2110688890543867764
fGZjDtXVgMi,ZNIpcEMTHZtr,8669136675316629863,1128724906438246635
AluljbrRXXJjx,lAwZaXIUKXW,7289401438270174924,4344668273864041523
UlaSWwNhBnGpPv,RjLRjlLqOvSOY,6924693128880071302,3660562401507967740
mTIcJJDTDJI,QjlftudsJx,6526578977012119075,8999109609449049276
JlQUAclDXGYX,qnnHCQrcwAdCo,8077644866674184176,976760931218113950
mTIcJJDTDJI,WXqTqoyyFGZBGr,4553699456619934531,3753360336211165447
UlaSWwNhBnGpPv,zcFXFWXmQh,7616253198946426221,5303925246749087837
mTIcJJDTDJI,kvRkMsQdqPf,5162808312500555240,1885472130821658261
xZHmxsgyYfca,FqAMEOomARr,6656784931536669575,7370198090178347460
AluljbrRXXJjx,VORnDYYqBzGnLG,6869074172190181360,7982208829237884686
KAykMUCTyaOmD,sUMxvUtqUbUMpQ,666866282877886352,7677688343898214525
oVJplVBWcxSm,ESZadebjgukDWG,2305465489150951708,4947913305808136050
SJueugoIpXO,oCtSzCnlLPi,833880786659208395,1945301695381100027
KAykMUCTyaOmD,WyuHyuoqDHaDz,4214159262153801304,401087671525917886
KAykMUCTyaOmD,ysnxeCjYwQ,8149697256881049953,589455132536681122
fGZjDtXVgMi,nHMFKuvaIC,8083781685111749740,7859027681909384766
UlaSWwNhBnGpPv,yOSVlQMPDI,7194352786325230931,3492799710772827175
SJueugoIpXO,JvUwNtZVHBO,6541647871950512656,3962621609475317250
fGZjDtXVgMi,iNTnRYyGGMGlH,7444075943091166882,5811908175132044584
AluljbrRXXJjx,ThiHNxQFtY,3665453590031417471,646140914710644910
xZHmxsgyYfca,fVSknAMbKXsxF,5665379304843069905,875401936155025335
KAykMUCTyaOmD,pMZQYzRpbWICMZ,372122673808811401,8503026996297720575
oVJplVBWcxSm,plHZXaGBoD,4892720172205103567,2501712468536556830
zWrhSxwlMWktC,KDQLwkSUUW,674998936665190463,8166892152177092156
zWrhSxwlMWktC,IjsJooqdOVxz,4506238156459566888,7184932484798952627
zWrhSxwlMWktC,tnauEzJjtonLql,5529363457929698665,5618137694308812157
oVJplVBWcxSm,uppkyYnbTN,5958794736849701476,273717368871554084
SJueugoIpXO,qFuIfiSNnb,5168734693562862453,4222747001652640323
KAykMUCTyaOmD,aydcgxYVsYZJ,8531988446201956176,215378383968074480
JlQUAclDXGYX,QqHDOOXmTIKzd,3272694895190945337,4489973617971782005
zWrhSxwlMWktC,jOEcPPUjloKs,3611680601077244739,958173779448086321
mTIcJJDTDJI,kzrZSGShMi,8559419175073690697,2340941783057205243
oVJplVBWcxSm,NsrttWBwUc,7085037708143092725,4381164867066991825
JlQUAclDXGYX,SFyzZrlbmkH,3284406089740526636,5040199258822633280
SJueugoIpXO,IfMGkTuuKOebxO,4019531265391798044,6971200315831577016
oVJplVBWcxSm,OPifCjDBdvfkyI,2442203527859459832,6155336789307478704
KAykMUCTyaOmD,RVKfauhvlloW,2291718756606913240,2235300803475948439
oVJplVBWcxSm,UBxzixMEvM,4255431873401392333,1261035748209250571
KAykMUCTyaOmD,dOYVcqRvFkrCb,7245233691131582926,6256704787996321109
UlaSWwNhBnGpPv,GRfTmsbDrRAit,7383660159128116165,1103732918866411997
KAykMUCTyaOmD,ZyPRkuGHNN,4314862696675608357,2937342888547321722
fGZjDtXVgMi,hyHwhyqYNUHlf,517908456293391896,5094889805798768554
zWrhSxwlMWktC,wCqMOAgWdRbtIx,6981818720266784291,6938915999906450390
SJueugoIpXO,PpkPHxZoQqCik,2332722053172001022,934687934442473964
JlQUAclDXGYX,lqsZJNckzFCvy,5607337281563390153,3848338049963831516
UlaSWwNhBnGpPv,GRfTmsbDrRAit,5315139087170282083,989929230372532596
UlaSWwNhBnGpPv,EYfnIUraGB,5896350532501569695,4092640986391214826
zWrhSxwlMWktC,LumqBEUdHd,3527495686753244787,3753688497712513723
zWrhSxwlMWktC,WhWxuZgyfWv,5366613988456945929,2919290269295937739
AluljbrRXXJjx,keoxFOXwPTa,1148799392696902758,4831219771001422067
UlaSWwNhBnGpPv,OzjvYZNcHPNLdw,1459254067173019374,4305509457225645907
zWrhSxwlMWktC,srFUOGJFqgx,7193534230718202190,2593862249193318576
xZHmxsgyYfca,GHtsoZCzfVQb,169737800721836932,4768812862326007361
oVJplVBWcxSm,ZdqLQvxhTEOVq,2750036345986242624,6825186197262333341
zWrhSxwlMWktC,mTBynEoJcY,4604333543986543256,1374739639234729218
KAykMUCTyaOmD,YGFBSDwfGaLp,1543951862893049414,3065110075668511359
SJueugoIpXO,CtpFRzQCPr,8671438768224058106,5757733677795126729
UlaSWwNhBnGpPv,icFGBGaFluU,9106656531317868579,2156676182530541836
UlaSWwNhBnGpPv,SDkYqNocMq,1084884409392350972,3762965339175380408
mTIcJJDTDJI,QjlftudsJx,3574761618753469523,1455884201110308871
KAykMUCTyaOmD,DwBhwfMEjD,8660480373077372937,3159805084346545871
zWrhSxwlMWktC,cmSyDxlCbM,6855164239255682957,2439342678908031561
JlQUAclDXGYX,HKTjpdKYxr,7736385878381557932,2912083725101322154
zWrhSxwlMWktC,YVcDLVnyfP,7769430417956617946,8041596221246861451
zWrhSxwlMWktC,ZOfQsWqFxH,2858003838048300753,8269981620541015102
JlQUAclDXGYX,OHTbXLSQBMe,1407608599210513926,1865280729800453925
KAykMUCTyaOmD,VFZznLhsjBQukn,7275397883984755982,6422921149788651361
KAykMUCTyaOmD,ugdVBhXDxOlY,1227228046723510453,5606049566180198552
zWrhSxwlMWktC,PWzZTOBiAnP,4764363891604421687,8617692709096030458
mTIcJJDTDJI,QjlftudsJx,8215531719843786342,3908809358499641135
mTIcJJDTDJI,qHryAEiFYRnW,7950462859413290955,7931183798048322778
UlaSWwNhBnGpPv,fYgAYWavWM,4056584871509933417,223509061562806998
fGZjDtXVgMi,YjgWlIXLTHmR,4398942334836660652,6777520035705328345
KAykMUCTyaOmD,iwpXXOmykoEEZ,5136384016858990892,2412781524070548783
fGZjDtXVgMi,bjdNwDVWgkNG,3801524139642802465,744196762717830091
fGZjDtXVgMi,AgLNxYZDfygyZM,7648826278789266897,8648854412091758629
UlaSWwNhBnGpPv,GRfTmsbDrRAit,6584486702768068342,5372841352709900839
UlaSWwNhBnGpPv,TvdLXufWzdAmql,2589360266378917824,773156059869041483
AluljbrRXXJjx,NyphrHKEdua,8216222026975629666,7856583309485629895
oVJplVBWcxSm,BEgPZUGBFKdodm,7942349932112878372,2438885150154930979
SJueugoIpXO,bSbYbJzBKuOGRS,5743649303185612795,4321991284670127837
UlaSWwNhBnGpPv,jOImvLmtkRgCj,6083155672851810218,6544335429555705892
oVJplVBWcxSm,SdOrbFdaCngwJ,5207724471712519051,3758682141027568026
oVJplVBWcxSm,QJDFZywopuI,9184112830818493000,2399740852393032561
SJueugoIpXO,DjRrcgbDYGX,7517299921133022079,4674593487574109054
AluljbrRXXJjx,odwsRSPwFKSwD,417431968578467476,3246190241439225400
SJueugoIpXO,UkSfIlUmxdYQej,7972921232520668498,7150002706232019221
KAykMUCTyaOmD,dJdAUbnHLfmr,4672002108479350425,5241897886279426790
JlQUAclDXGYX,QexgWqELpMT,7546350697742607211,8583779789372123679
UlaSWwNhBnGpPv,bFkbRVVRaspB,7910258120832846002,4060951312681054563
mTIcJJDTDJI,ruKvqXUcwezX,1649471180545274248,7358996514134911913
AluljbrRXXJjx,BtoWDsTaIRabyk,4499585724973153120,1111476864290585207
fGZjDtXVgMi,gYNgIZLAlg,6630264615251742182,7106458874234399386
mTIcJJDTDJI,CcPVrgQjNITe,6802741754277437970,8757614999866628327
AluljbrRXXJjx,NRfZvCwjQxKft,4624533017887398727,8295764189104076806
SJueugoIpXO,CXjhwwrTZxH,639547549217458809,2571726384745896261
AluljbrRXXJjx,ZpDuPNteISpdG,8699685488401812756,4189242800677234460
oVJplVBWcxSm,kdIbcxxXWoNyJp,8513640709165618844,2480200900265993310
KAykMUCTyaOmD,ScjbAiRkUgVRFv,5699095585469174758,4464589117218000457
JlQUAclDXGYX,GIcosbduGHhLLT,2437460573390416547,8762163495664407870
xZHmxsgyYfca,FrjTXsAOSOFo,1053823528234237901,5119952301551534202
AluljbrRXXJjx,oWnTUNqrtCjH,3632516730651084571,8548078052800174286
xZHmxsgyYfca,nsOiZCOnvSGzj,6270230255297485302,2345818325095435245
fGZjDtXVgMi,wMkdOVOhoblH,4767106403339452691,7843139163229065403
zWrhSxwlMWktC,jejHtdmatP,3446285765299354285,3645007440288057882
mTIcJJDTDJI,aFsJeWofGMUMOI,1052995517107467146,434390727058811869
UlaSWwNhBnGpPv,iNfpvsQZmzDy,4913383016910618326,3102928900191617444
KAykMUCTyaOmD,PSxQplnKwt,1878322887399233195,9085382547140636420
zWrhSxwlMWktC,HalBxxDNnV,5339884045073663492,2296971886766790852
SJueugoIpXO,zrGMxkOJqiSC,7807097624551686704,8973262338773847866
JlQUAclDXGYX,HuVsxqnPRruZy,1676923200750526632,6853264643103444218
SJueugoIpXO,DSWbkUebmMI,3722208608778144829,1179025274310605002
KAykMUCTyaOmD,ysnxeCjYwQ,2412563022927262749,9070441503002813282
JlQUAclDXGYX,YnqivhlCAcA,3713830451044972511,6927740257280632574
fGZjDtXVgMi,NAFUzcsOpIhR,7888619239549329143,2133237906888048785
mTIcJJDTDJI,xBNZzNJDNfl,7781390083681146110,7181130489095614635
JlQUAclDXGYX,SKlWUBtYoHV,7363751031177844071,8037540553980537017
AluljbrRXXJjx,RRhhmhRVFSM,5481705796640226885,1972850231745490285
oVJplVBWcxSm,dvulrbzSygqra,6544029966110632529,7191427269198980967
zWrhSxwlMWktC,NwfEpfssca,8150126745208646497,8693120091536533582
UlaSWwNhBnGpPv,CKDUUgRVbwoy,8347208491777026581,3544619614340794693
KAykMUCTyaOmD,DvztcgFnvtJZDR,4505709080291130153,2555213322345598839
KAykMUCTyaOmD,gumuJeAhXYqcwG,1575147756856208639,1579458768718405127
xZHmxsgyYfca,hvadGdruiGHi,983306384423276251,7290731122738045396
xZHmxsgyYfca,mDSttpuxgoqn,6296845589420354779,5595938271512922231
AluljbrRXXJjx,VbhlovWwEePem,6145377187165792483,5757796029824334136
SJueugoIpXO,gHxgIVNyefwPOA,3902263944474724137,355199558697586817
mTIcJJDTDJI,TnwYiwGSuMxgm,6075545421241052802,5968899195966151284
AluljbrRXXJjx,ctYBccZgEg,7128542226378327046,1959584787700504364
oVJplVBWcxSm,uvhivLFntKo,7339195204821389268,6941673020690722183
JlQUAclDXGYX,iifHdRMPNcpB,3025202945843528702,6289387047252906373
UlaSWwNhBnGpPv,hRmmcswbDDLb,5326639286718963567,3567046462572496672
xZHmxsgyYfca,IXMuuUNhWlFsCR,488308054509571750,8717720856155914491
AluljbrRXXJjx,YiQJPmZfTZqR,6801846057582403475,1028862261640959187
JlQUAclDXGYX,RnKWLDbfjkg,3020210156086617205,8096574943693326938
zWrhSxwlMWktC,eRILcriHAq,8266570701283248891,2869437237926700242
zWrhSxwlMWktC,FcnEMMFkeo,6535965855399444579,5734841856970270980
UlaSWwNhBnGpPv,yOZYOCfwJMcPD,7259487731399399283,1670971035972806668
mTIcJJDTDJI,dwVxuftyxeqWvY,2387101062762678785,6835318833878573153
xZHmxsgyYfca,MRKZZYyTYjbiyQ,361849252748159670,2515489542443357457
KAykMUCTyaOmD,TkBRagoRsO,7107877307175226907,7380811271323503801
UlaSWwNhBnGpPv,KaxNuYpvmAM,4315072759276232077,5453289049927188123
AluljbrRXXJjx,jxHQnUsvKVGkzw,8740129433399766578,6883860871726046654
mTIcJJDTDJI,xKOFpTHiCzZvnI,5230927829180667008,7044312106560954699
xZHmxsgyYfca,QhpVIIRukkjHXg,5006331759060478177,3201195446008580174
SJueugoIpXO,gHxgIVNyefwPOA,319156977330635258,5400530191959895399
UlaSWwNhBnGpPv,DLGFLlaSHAH,7116299011837693492,84160374399160687
oVJplVBWcxSm,twWfRCkIwCXuJ,3432661262179106667,2778509368813634588
oVJplVBWcxSm,ZnTInAGcaCFB,860350404156779914,2134740351984623321
oVJplVBWcxSm,PhhgkJACFkmuJo,3159219190773076716,5779749481026437524
xZHmxsgyYfca,DMGdzhMHJzpf,4992204112026641983,3699776477678358580
JlQUAclDXGYX,pWMFakDhJtQQ,7857365660243542540,1161510413797544226
fGZjDtXVgMi,BtxssoSnZknR,4176827785539950138,4636105583975668245
SJueugoIpXO,gHxgIVNyefwPOA,8540483543943454128,5703317587150008358
oVJplVBWcxSm,tVovFslkZqM,6577259762762796767,6450317019919544542
mTIcJJDTDJI,mhuteFuCmB,6529183403544984837,7051549337848672674
AluljbrRXXJjx,TMSMItNGXKODl,6039136633953380200,8868981250458763713
JlQUAclDXGYX,ioqziQXjgvBj,5277415106489432280,8167987365116877591
xZHmxsgyYfca,RNGRbVPeBhfVk,1248621566245371836,1771807850216672250
fGZjDtXVgMi,cvPeXAGCDCTc,149253459398364035,5458386459235296168
zWrhSxwlMWktC,vnQQMOPbaY,4942293950117284385,1828187405516058156
JlQUAclDXGYX,AzQTCCJTeIh,2528521615871454455,5668040084820821992
xZHmxsgyYfca,hmYhpovXST,3415857021383904123,2331639045993259883
oVJplVBWcxSm,tdmMeWlPSegnzS,5338230473317442,9098163807729224769
mTIcJJDTDJI,wHbikCGtyQfG,2802150415089257631,6586442026706893031
JlQUAclDXGYX,WfYJKxEZJYX,1461388917521065458,3564578856464430037
xZHmxsgyYfca,ZmHZpEkwoIJ,8353933683525472007,2637436280570234819
JlQUAclDXGYX,ZohKGUcvuhGR,1465707148586575741,8901692002181570131
UlaSWwNhBnGpPv,RMTssAraqqvg,8469922218496865220,2121210366843003711
JlQUAclDXGYX,FvSCLILuWSfh,7753579354852118745,2946696489201979981
fGZjDtXVgMi,dvuASztgoa,8731053640352872609,7175588018797434877
xZHmxsgyYfca,JSCClQdEvA,1590393053211124880,6363645012039679015
KAykMUCTyaOmD,PYshSIMlxb,5666416751748712339,4338740571859273784
oVJplVBWcxSm,cxWCeOxJEUP,7154983298356987063,726993311810183764
AluljbrRXXJjx,msctUPioBYg,5223242182337788351,1190459945459517279
SJueugoIpXO,PGzmMfwpCjpi,8997078775828069036,3937230162748258654
JlQUAclDXGYX,sYkTNYCCeRnfmj,6331872916444331200,3757310757317171155
JlQUAclDXGYX,VtedEHXSfgh,386498151785710663,4514125131439570669
KAykMUCTyaOmD,bctRWaukWsiSo,5124077639412130285,8010441081478423745
zWrhSxwlMWktC,CqkFRwIVtoC,1927666149042483506,129094328085825145
mTIcJJDTDJI,qozeTKkuCPaZWn,4324200267032055826,4164538313046672372
UlaSWwNhBnGpPv,GRfTmsbDrRAit,7272910509434404672,6945706729942035845
xZHmxsgyYfca,KBTRqpPhKQU,5953750262694533437,3523489616927542716
JlQUAclDXGYX,YMqJanpFwR,4348114384380895968,6170157664927332488
xZHmxsgyYfca,TAxzVxWOiOVBn,4900746141123274777,6535016427157354063
fGZjDtXVgMi,LFufkxylNzPV,8505000179556091615,411359419027100678
AluljbrRXXJjx,LgFrRfmuONna,2644622020439078319,5033360305555743557
zWrhSxwlMWktC,dfOWKZcylXhfL,9081664869549241314,5044982324990406572
oVJplVBWcxSm,eaXAqaGJaofh,49102139638760228,4677912035648572667
AluljbrRXXJjx,XkrzHMuKagQGm,2056396393440325406,8755734174489065877
UlaSWwNhBnGpPv,UPTtUQiWXBbDu,6439229842540441138,1415540867521731798
UlaSWwNhBnGpPv,rpVMTKLgXlMFf,7429759543695032250,9119680923077609264
KAykMUCTyaOmD,vWlgVHAgHpxDM,2506710324995138504,8215371427686234658
zWrhSxwlMWktC,CdQizjQFHL,5521930851833468733,2905812912588828720
oVJplVBWcxSm,hiMurRrpBHGlA,8041643409046281572,2366854105504710217
KAykMUCTyaOmD,ysnxeCjYwQ,3923011153730853005,2261476365572883994
oVJplVBWcxSm,TwGaUyjtrB,2479633243500694875,2479453804167943073
mTIcJJDTDJI,LEfeNneSRIja,6837542497828427980,6146306803374438389
zWrhSxwlMWktC,ogQgmLcTWC,1385630727068748140,703745838167775238
AluljbrRXXJjx,LYoCvYkDgqUU,1100559796014717252,8548715807910059916
zWrhSxwlMWktC,xjTBDtwEeMIWQO,1352658581577235382,7359459402503936163
UlaSWwNhBnGpPv,uWLSSyCniVEmra,3120618318174685979,2144077699383406245
UlaSWwNhBnGpPv,VLsSBsvbIawzxa,4426344815005060362,1370762571114556670
SJueugoIpXO,LYdfAPNwLBsEm,7463033908176131464,6510060973364096276
AluljbrRXXJjx,FRygLsLrIYGMOy,8510749091008095581,7353998208988992592
xZHmxsgyYfca,oDKsxkKQGipZlY,35864317322043121,3032715196327384915
JlQUAclDXGYX,cWMnJhxkUfqq,6246084268769297167,7825403859577216494
xZHmxsgyYfca,KrhaKuwLLRF,5232272786699666558,3834651199723188492
JlQUAclDXGYX,zKjqWTrsRb,3506895950349342912,6205409643143611002
oVJplVBWcxSm,JnsNSWkAAHCz,1369787986327078178,3709330276009426887
JlQUAclDXGYX,sYkTNYCCeRnfmj,209329632586333727,4983456837610254269
oVJplVBWcxSm,rmPcqQHxqfi,2871685718642284184,1664256132994797397
JlQUAclDXGYX,eyrqIvsdDa,9187723127448530418,2774961006847661992
zWrhSxwlMWktC,uAXBoCKpIJhR,1263965842290166007,2052734255275029405
xZHmxsgyYfca,FtZqhRGsJSKqlE,8180049456342689530,8135616007944132034
xZHmxsgyYfca,KNsvijDHsii,2850510432120515558,6174484821108854030
KAykMUCTyaOmD,ysnxeCjYwQ,6013603557724688199,467478106515599538
SJueugoIpXO,uFHuDERDxADYFR,5644718554071701572,7377963535724076997
xZHmxsgyYfca,DpDyhTtNKufqjA,9206649405424831896,6412485963813971089
SJueugoIpXO,gFbMYQFzFk,4119808694279847322,1632502944238090231
zWrhSxwlMWktC,UNnOVlFnpW,5551962370575189352,6981619514264948225
JlQUAclDXGYX,dMzCVCYRAYS,3890930476134706424,1021498630548211203
SJueugoIpXO,gHxgIVNyefwPOA,6623278485023788468,5375993584176252209
KAykMUCTyaOmD,yzDDvrBxRVOhz,2236042439646980456,5120386715837580094
zWrhSxwlMWktC,PLGLOpyVWgGXS,3653191866796766513,4828657157442435074
SJueugoIpXO,tjmebJaWIaZn,2034033157649221314,8424723609266028433
KAykMUCTyaOmD,ALHUDzRIZpKvr,2693935996180495965,6520864506723095340
SJueugoIpXO,CidliWjBydYP,4721624335997039642,7030696307111702579
oVJplVBWcxSm,lPNKrRQaYP,3375076079924498610,5365517412845508526
oVJplVBWcxSm,SGPLbQsMaWKi,8964754437665357324,7009616217224456971
UlaSWwNhBnGpPv,sVXSXXbQks,1148945706180166501,7981652769455834065
fGZjDtXVgMi,wWEtJoDnRNV,5171603975950565634,6822394393035601585
SJueugoIpXO,AdYLPJPdFAwudM,8732969128960740232,4013420082559344407
zWrhSxwlMWktC,qBuVFNTtLML,5590905099989818642,3829187177370556628
xZHmxsgyYfca,ZoPadOWwvLU,1007424807130341056,5402928691942383841
zWrhSxwlMWktC,hcuYhbfvBQkGa,8616670677886442833,3811719489393155966
oVJplVBWcxSm,MSUJQVpCFtoa,4802493436257074060,8795141906837256753
zWrhSxwlMWktC,zAIcjBayPgF,7796237675163770796,5086122253888330720
JlQUAclDXGYX,nnovFKwiqS,9215328606348216802,627452445694187545
AluljbrRXXJjx,mnUxOZLLKiBGXz,1362052973116641343,5308473539258984652
mTIcJJDTDJI,HjheZJiqll,209093882115595999,1521027214430151306
mTIcJJDTDJI,muTKBUzxSj,8960590546815636776,115347259053086018
xZHmxsgyYfca,aQfuhgPMenxnQr,8427389356359592496,188756533907251897
xZHmxsgyYfca,ygGTWrPyyHu,3901163050832214564,7157924643958072646
mTIcJJDTDJI,xqHcgQTBwagEE,1791134899159458537,7559074044540998202
JlQUAclDXGYX,CAAbHyGMjl,2640378617899512401,5412906286534009972
SJueugoIpXO,gHxgIVNyefwPOA,6063003787017828004,3645129551732068357
KAykMUCTyaOmD,maPFhDiHtHk,1994008602532795707,6900616069526271023
xZHmxsgyYfca,cqYvEjXzQdxVXB,8827465095468757116,3995616565629482156
oVJplVBWcxSm,SNdfvrJucZlg,6390195257736414147,5840878716271704248
AluljbrRXXJjx,ThiHNxQFtY,3149663364499906316,4641015257595067292
fGZjDtXVgMi,UpalFvpZZb,6343586892520564252,1699786596528346503
SJueugoIpXO,sszHKpfDeTXFZt,993852371945627130,1708620498442435465
xZHmxsgyYfca,AjUbRJUVGydbeS,5946375105104665307,351055115240807392
oVJplVBWcxSm,nZOdMyLANU,2152640467022375881,113063130345576617
mTIcJJDTDJI,nRxGLOTPohYy,5284219804138481357,6849129496976115520
SJueugoIpXO,RYEuSYeulS,729266574737533593,3617788892195168682
SJueugoIpXO,BRpXNYfAld,7283791657852217,174687977478662730
zWrhSxwlMWktC,lJivdFbCABbRy,1762279870271020850,853330029029907661
oVJplVBWcxSm,GfwIXhnKhtP,596211863960677542,4053325122237156792
zWrhSxwlMWktC,WLpVTGtgyAYTCe,6353806806215971271,2329596153707431660
zWrhSxwlMWktC,gaLQvWhXAdNCA,5041500794888721393,147960710878199444
zWrhSxwlMWktC,XzVhvZrkrQb,5406613293378278224,2620550701963965956
UlaSWwNhBnGpPv,DlQpHzYjjr,575837004160056178,7446694285239664806
SJueugoIpXO,SyXqBlhnQwP,3772451066739099061,4768109768211536433
JlQUAclDXGYX,iGySHBLJfgy,4124261172801647490,7792043182640288614
AluljbrRXXJjx,rBkVdVOLBg,6474387542052219838,5541794017649281561
JlQUAclDXGYX,TczmtygAOFAJ,8698964047754163061,5263163587026480612
oVJplVBWcxSm,YbqyPcQMMxfFth,9176313055718646130,2938735874373044981
zWrhSxwlMWktC,insDULrjsWqs,5760597366365925446,8770496805506206845
AluljbrRXXJjx,meQuzJuPwS,3239154859598344711,9060330040632373450
mTIcJJDTDJI,OufKPEXJFq,2768282774422595288,2262676065005619679
KAykMUCTyaOmD,MNEvXzPqOyrxw,2293722984245198114,6420124112727293793
mTIcJJDTDJI,LUvGeRiStZTj,8817582288531054679,6963744049302236484
oVJplVBWcxSm,GGARYbprRVCRi,5463801898414212475,146564345374639330
AluljbrRXXJjx,enpzYPctXjAhKj,7592434758668096832,6636317220673690395
oVJplVBWcxSm,mVUmfVjWqoZsGT,8344687902798411081,748519044042639876
zWrhSxwlMWktC,sPeJbsyArPGs,2527985258049535374,4535733728185248821
AluljbrRXXJjx,ThiHNxQFtY,9135192272649823617,1050469778200172237
xZHmxsgyYfca,SEDfxfytpam,5371328226859266365,4050585475652941228
fGZjDtXVgMi,YpFCRIDIxSVV,5196443105100934289,7139147462753436555
fGZjDtXVgMi,UqDTiLoneji,2711472305745078132,3982194231857077826
mTIcJJDTDJI,pqWeONZosfgV,7367510151136883547,7910818852901575156
UlaSWwNhBnGpPv,TWZVfSTlMYXT,1543610650092191105,8287495298376959676
KAykMUCTyaOmD,qrmkFGEUSTWH,7289051886490750380,1127295403596380122
mTIcJJDTDJI,VbJHoJpXUZth,2411999611831211956,3526642291656394835
SJueugoIpXO,qqBYTeyQFALhU,3284320893077521815,313112128558269049
UlaSWwNhBnGpPv,EOrOhKvMsp,8744330569611389400,8978123764594954231
UlaSWwNhBnGpPv,GRfTmsbDrRAit,1377897724308311997,3014282729461863068
mTIcJJDTDJI,gUzXXfVttnKoC,9011006803973836143,6905592298541196445
AluljbrRXXJjx,GSsSHVAhwJjm,8374230085780752290,5598323311534949389
SJueugoIpXO,flOoQVRYMKedxL,4185324823784093809,1301283302782301030
UlaSWwNhBnGpPv,rfIvmaUNqDbMo,2244979117221430746,8710641282084097745
KAykMUCTyaOmD,tiGUwhnPeYVBDZ,8071491932474311957,8091786437384542062
KAykMUCTyaOmD,dmhEroAqdKq,1680330822019271409,4692210243202574545
fGZjDtXVgMi,fOXxDZlxWAAZc,463339245998997409,3775283873257926200
mTIcJJDTDJI,QjlftudsJx,8925668553649772177,2840838184573653271
JlQUAclDXGYX,FivToUPmIWSw,2521472437302239007,1796663288607393208
KAykMUCTyaOmD,XPcIBIFyZnhM,5283230526143904433,3432118296556949936
zWrhSxwlMWktC,iqwpVlDtKOnE,4008357124195549961,7287463072541203207
AluljbrRXXJjx,frhsBHSqWOQnu,6889657817819465752,491376875607577089
UlaSWwNhBnGpPv,YppHgyriVtFvbS,7987357451678121638,6491263748276710359
AluljbrRXXJjx,HEZCSOVrguP,376033937856606445,4982326029484626648
xZHmxsgyYfca,uyGRXVXZyiDU,8022211983692383878,5236502016074883402
KAykMUCTyaOmD,cYTGxsfBAKfP,4209187795741456508,7215518251655196283
mTIcJJDTDJI,DLZLjcrKnXvht,8055134261550321108,4532416480185480077
UlaSWwNhBnGpPv,YLykquVBPQfs,6886290914576087200,6151188168553830146
KAykMUCTyaOmD,QKJMWubQfnb,8782495507868408578,3865555976832495470
zWrhSxwlMWktC,ogQgmLcTWC,3753614893798424860,2061373765574729028
fGZjDtXVgMi,jqRBgbYqnKFGh,3806946851726503149,3281311613601863009
JlQUAclDXGYX,MnzKiYcVtYr,372136484848729262,9221041570249859035
UlaSWwNhBnGpPv,hmQFDPIiIuTCP,3243956597265568015,3978661108761077437
xZHmxsgyYfca,EcqHHOmZav,8563702388050127405,3131204623765518932
fGZjDtXVgMi,OsPosvhIKZflqY,4331213216450122480,6971836210259845005
fGZjDtXVgMi,rbXUeibgWPTSz,5014811158973995242,8459429836508447490
oVJplVBWcxSm,txoYGlHFzfMART,1516767704911728341,2661946104255483026
xZHmxsgyYfca,aHsnHaORyCX,3233040813622972875,4195079947168877262
UlaSWwNhBnGpPv,VNObFQJWSq,7921747258912922870,6364315464217240680
SJueugoIpXO,FyDYRHmEzQUmmk,3852762849988951533,3280676158458559997
SJueugoIpXO,EuhyCaMIsoFN,5332350702893460038,5100325251376623906
UlaSWwNhBnGpPv,nVFUKyUsncWzKY,6912814763617799570,7817179290094276973
fGZjDtXVgMi,xpQrgQMvBWOD,3686029167411057696,2855444679430135096
AluljbrRXXJjx,WqgAQeSjHdeL,452769719065018514,2951643993421367290
SJueugoIpXO,VFLhscZtSb,4892247560793296315,6630129165761986711
SJueugoIpXO,gHxgIVNyefwPOA,7547108993454780915,1366528821266524380
KAykMUCTyaOmD,eOMywlKDNUCsSx,3865891523837957282,67658237404579503
KAykMUCTyaOmD,gtUvJmwbqJmf,4200462860973896638,1374156745986410105
KAykMUCTyaOmD,oqbWaPveqsb,3766758005863038853,518901580993231301
xZHmxsgyYfca,WmsvNwBLEdRf,4670672503439172060,5232850720123073407
fGZjDtXVgMi,mhaxRYAUMgjSY,2519955479187662155,8236658645128904684
KAykMUCTyaOmD,RXYkqKOhUik,7771036734563546713,7605688126116164516
AluljbrRXXJjx,BunaKvyMRZJkPz,3767296812767328172,601816905967299199
xZHmxsgyYfca,CQWqHGcHURtKv,8191346171769947173,3396114163825211084
JlQUAclDXGYX,tfAZhSRwuLi,3071138961836132046,8143367488173408540
KAykMUCTyaOmD,iqewwjSjaSjWx,1863259655357199120,3675009257894373456
UlaSWwNhBnGpPv,vCEWXpWiGPwu,2221375839015660940,4942500489245422216
AluljbrRXXJjx,EVgsCYmOBnOm,3508433002772263801,3953002336817925885
UlaSWwNhBnGpPv,ulQNCCecKC,2690886981892153446,7552430846134719454
zWrhSxwlMWktC,ObveWRgJbMnL,6660167932603389697,5109640181165457740
oVJplVBWcxSm,HpfqNsAtPZID,5698995224875593059,3484832621868161683
fGZjDtXVgMi,lpWNMqdPQCG,1608419838796866008,9000373176250619334
AluljbrRXXJjx,ThiHNxQFtY,703687441607458129,4104265468325397258
JlQUAclDXGYX,RYghCPQMfMD,7663051986254127062,3945177428045553427
mTIcJJDTDJI,hDCeXuqPTxBKm,5494190149542566906,3558442752344368822
xZHmxsgyYfca,cGxwOOqkIMV,5224035445183902697,4397478709230697266
fGZjDtXVgMi,DRjIckMzbUK,7846172671077363415,569352898699703909
xZHmxsgyYfca,SNlUWMLTfOC,4685553403370294789,649703966800338253
SJueugoIpXO,pZkjPtsKTEL,1696008374262112168,2214810357255777212
JlQUAclDXGYX,uruRMDRZcyY,2133117493412514,14350827501535696
KAykMUCTyaOmD,ysnxeCjYwQ,684539972331300650,7039584724890865171
fGZjDtXVgMi,kUoBNChdIduO,1472596364289796588,1453948884242679
oVJplVBWcxSm,UiKFZXdmxiYL,8218046778750698435,4039092636206971774
oVJplVBWcxSm,gQqiRnoyxh,194455035686773415,6710520717342700549
xZHmxsgyYfca,HuKybjXwRfWx,1061144186258752629,3369177172434360587
zWrhSxwlMWktC,cgXhVhRcujZDJU,3429132365567357356,5288459233018904890
JlQUAclDXGYX,PGmDUwuCVlQNn,392180645387068099,4265695776905229580
JlQUAclDXGYX,fTyzbEHHHfoK,7185539632219450947,3139577865265401934
xZHmxsgyYfca,aHsnHaORyCX,8794034701164708137,8890009626873754452
fGZjDtXVgMi,XILLWXyfUWUE,8334478884172898823,6521506913764132549
mTIcJJDTDJI,eZolhATpMbOjWq,2194979888716851876,5402300389449725170
JlQUAclDXGYX,OQIdxNdaNrgBNC,8866899455335363753,7183106900603600437
xZHmxsgyYfca,phnnDwugvgvQUv,794618023217462015,8188227717763315448
xZHmxsgyYfca,wCVnxYrvjLuFO,1710899342845638923,5127422932159704501
fGZjDtXVgMi,zrqeAxrSbeAf,6633446295002843234,4581156369584082748
oVJplVBWcxSm,XzeAbtMRXR,4455052719806325081,4786114252586098994
UlaSWwNhBnGpPv,JIjJgLMdXbb,1073886582619877972,8696855867627016302
JlQUAclDXGYX,znSbBLZQfoU,5666429012549351600,3002691059106641036
SJueugoIpXO,VtWrIvLEZoq,602453798649502248,3865747793449979366
AluljbrRXXJjx,ALABVzCGet,2010078268159862677,304953080876469562
SJueugoIpXO,hQmwrcbKpLgFvG,8772861126546669371,1319149774044857866
UlaSWwNhBnGpPv,BJKcBGdEIuP,4564456141906970718,4289896263556595725
fGZjDtXVgMi,vfkhXfQXGfXZH,5613766714174119261,3371159530393680236
UlaSWwNhBnGpPv,wqFYNvhfnqw,533220581695125332,1115260321779413208
JlQUAclDXGYX,MHcufRAgxhoKZ,667129191415005460,4036521895148052042
oVJplVBWcxSm,nBjzYXVkZWLo,50695995891878605,8868588414001287109
AluljbrRXXJjx,haRFwMCVgJUjp,8564832977232960578,1787758468196754884
AluljbrRXXJjx,BADLVXphpJeXe,1653186871908029970,1093267327226989233
KAykMUCTyaOmD,VGdDOJQDLgQ,3553266205982050057,4114668559906755963
JlQUAclDXGYX,icZRogHzhb,1707546786312014796,5384391650447443605
UlaSWwNhBnGpPv,EVIflVoZcSg,6777565048522131383,6804108943162512377
xZHmxsgyYfca,WCPsPxWDKAH,446471003337045107,8749589614209149941
xZHmxsgyYfca,HUaHscrFLIY,7297015501966546798,5828834703705139091
fGZjDtXVgMi,FrqZirzlUAtjiH,3256075776375709027,2923118613507309863
AluljbrRXXJjx,xtLaylcGGkLj,5645650335073795715,4363248269643926952
SJueugoIpXO,zKGlyhqwLfDGW,5042316668593429829,6461619551154420587
SJueugoIpXO,udZKHEJvEZj,3882040368638037489,1761429334343957416
JlQUAclDXGYX,CQtuhtgAsSnmav,7573138700773082090,1528914764030771725
JlQUAclDXGYX,IAEDSeyAeWJYw,5080993823044791754,3630963537760391300
SJueugoIpXO,gHxgIVNyefwPOA,3345348672821447029,1851878644045068431
fGZjDtXVgMi,DywlJWpdhLa,2762604198136670391,3747971857180856760
mTIcJJDTDJI,sLzihCUdDM,4605432089011676704,1883039885769091929
fGZjDtXVgMi,mvBXqvBpOg,3479391951060874109,6514437046421621201
SJueugoIpXO,vGIjIvzYPtkDs,1687047869008901825,7777027201365007031
UlaSWwNhBnGpPv,QfnJRDvKIgAKc,4105952010595802174,6844332912222763364
UlaSWwNhBnGpPv,gjmRRnOFWRySkI,4615168776666567879,4886756309658877348
oVJplVBWcxSm,kZnXnTLTTBzhty,7438060433938016543,8409713532200526315
KAykMUCTyaOmD,cgYaEECefd,421769059751046004,2978032997603311346
SJueugoIpXO,gcxCNKEGQDUY,2954898577756100140,5308377794842882936
zWrhSxwlMWktC,LOzCksYVWXuv,3559182100706607628,3525688706989971074
zWrhSxwlMWktC,nmjGzBKtUcd,4691278020338251109,9044285059833026494
AluljbrRXXJjx,LgYCHUmSVtHQ,6595952304299542673,3043722463820986016
JlQUAclDXGYX,sYkTNYCCeRnfmj,5419519545384560905,4287544709876412011
xZHmxsgyYfca,jcVJTupvxN,7150080655961377675,8602447097389164671
AluljbrRXXJjx,rnLTQxneUvv,3939230487528837377,3121221407937008563
zWrhSxwlMWktC,OaMCJULnwC,5379673151509884585,6632662210265044404
oVJplVBWcxSm,RhAViJWrCWKQ,7403632612405668443,3772675949328364259
fGZjDtXVgMi,HIWEBNqUIuhRU,4941629370978036744,4251918826526843427
oVJplVBWcxSm,LzvdSCEzIMH,6325179178830084635,4432755492240088622
fGZjDtXVgMi,jnZUHcpjitz,1886862589142283301,5650319901058048277
SJueugoIpXO,gHxgIVNyefwPOA,172303059752898533,838697854755012654
KAykMUCTyaOmD,gaJXUDabOPNlX,5330257749173097399,6546724734382300314
SJueugoIpXO,QvjqutlPpo,7367914482226144023,6361436597590963465
JlQUAclDXGYX,sYkTNYCCeRnfmj,8289261702097255292,986389976965628385
fGZjDtXVgMi,htmSalpaHw,5087735883032292500,4209533122275829559
UlaSWwNhBnGpPv,IwzZZyiuJG,5449415919017313099,3133918277039664053
JlQUAclDXGYX,TwXHnVZXNncdb,3127776624169540550,6254930931947856609
mTIcJJDTDJI,KwfDubsLiZOmGU,3927338117050572402,4427258860199309855
fGZjDtXVgMi,PRAWnbFmgNMvll,6322319692332509806,8710787443382353629
JlQUAclDXGYX,wrTftXnVZT,5498798749180358541,667435991022068558
KAykMUCTyaOmD,qsUqVqJSLvnqk,1427939366489823984,3834453040027381057
xZHmxsgyYfca,aHsnHaORyCX,3830283956947712374,3433556754325851687
fGZjDtXVgMi,rbXUeibgWPTSz,7062412627131694008,6293668211435757379
UlaSWwNhBnGpPv,GRfTmsbDrRAit,698384349040310196,4436186489050937583
fGZjDtXVgMi,fwlVLFgzXs,8758506109442946097,856939202034556368
fGZjDtXVgMi,MZBUryioliirJ,7959584395396315174,5602371129858457860
oVJplVBWcxSm,acukczKyeH,2464784501413870777,1711026353333095062
UlaSWwNhBnGpPv,CIBUbeeJfqGXS,1251853030237009907,4072840372548378928
zWrhSxwlMWktC,hWEGNZFzsBpe,5811523479865560465,8338466198419905869
mTIcJJDTDJI,depJIDGoXIp,5318705362884292150,446450517538201142
KAykMUCTyaOmD,XlfFUKNyXcZ,6755517300240811160,539987447032608497
AluljbrRXXJjx,ThiHNxQFtY,7978086800268587163,4657075093362336698
xZHmxsgyYfca,fjQJRMvOwo,8226283963495955749,526770124857990462
zWrhSxwlMWktC,fSZmtpsRnNYO,7095637146047154732,8678668942515901515
AluljbrRXXJjx,MOOWNQzjYuXOPp,70248578063733005,5724057311069403525
oVJplVBWcxSm,gCIuxnDDUD,1257043885897974536,789466919538309608
oVJplVBWcxSm,UXnzQRCmrJqCwB,5801232507333938878,6842881242614506030
SJueugoIpXO,ygNiiuWYmK,3429412776932255846,1867111289389475353
KAykMUCTyaOmD,CSUgBToKVn,8046241236298023109,2696817418891698896
mTIcJJDTDJI,BnJdvuqsPpq,2674734086685799659,3872461061384073787
AluljbrRXXJjx,ThiHNxQFtY,8227270663058927825,5069557749994395570
mTIcJJDTDJI,zrqJEtIhAh,3076484643389492940,1525614903804416443
KAykMUCTyaOmD,lXTgvHnITnDQ,8872732843817608108,5443767597213533280
mTIcJJDTDJI,lENERrFamff,6476922766791625520,6431559833344131811
JlQUAclDXGYX,hgcTwldtbj,909303175782067080,3489554604382142803
JlQUAclDXGYX,BMVxyuQBpIyzLA,2191455223813166082,6328590542030679596
zWrhSxwlMWktC,lptOdRvBXn,8046838581587302905,5754383372492153297
xZHmxsgyYfca,aHsnHaORyCX,4505873539448039461,5226407830131363877
fGZjDtXVgMi,BCxdGVImCcTAH,4745915768195863335,1797764279616405088
mTIcJJDTDJI,lZiwQwUlGlf,2769427703638897377,3723084227047763547
zWrhSxwlMWktC,ZRMuZtFwknX,5896434578679585966,6684981403270518507
zWrhSxwlMWktC,xPpBMDkgnSR,1879003122601503957,9047538992893551466
UlaSWwNhBnGpPv,GRfTmsbDrRAit,1291384413429743916,8990587814725270397
xZHmxsgyYfca,wveswDbAycFIN,8351075318820280832,3032800225440788651
mTIcJJDTDJI,RAILEObbECZiAo,3999890298843269605,206736129281905501
KAykMUCTyaOmD,qlKGILSqzXN,8787094916787107915,516741288384350556
xZHmxsgyYfca,GUKrSHpJQWH,5407410297524607654,4120316221270839605
xZHmxsgyYfca,IGYzlwYtcvYf,7813637742032018846,7341474925211442802
SJueugoIpXO,jMqtWPHmWhV,6977467804669733468,8137905295867175256
AluljbrRXXJjx,dPalRWBFLMoh,3994693296376444664,3845075673694038503
UlaSWwNhBnGpPv,NgRWxGniYfP,7162460516269603277,1394036736065367774
JlQUAclDXGYX,AlTNbauyXTvn,8303610274886716064,2033535182473517948
UlaSWwNhBnGpPv,pxwAadJerU,1367984682636980266,3805434694722949993
JlQUAclDXGYX,pzLRYFQgrAmaA,3024460052652007173,5227308533222182238
SJueugoIpXO,evGDuugdph,8365336977576431610,2004308488498374321
UlaSWwNhBnGpPv,GRfTmsbDrRAit,263632584787058726,994501061777016200
fGZjDtXVgMi,WhqLqSdPiwJ,416623606438488130,7375529729887093865
SJueugoIpXO,VPTpQwsIWaKdUL,928246084610073642,9027730761201064321
xZHmxsgyYfca,xbmUDGfToeu,2916968153605976602,8005026039699811770
fGZjDtXVgMi,flfKylHIjEzGAa,5465742566534854451,5081509357794278457
fGZjDtXVgMi,oCdUhCycwoyJ,4730392465201576302,8624759354514137666
mTIcJJDTDJI,QjlftudsJx,7271916759646093338,5509161880986273901
AluljbrRXXJjx,ThiHNxQFtY,3818317005721904735,3219347571500819950
KAykMUCTyaOmD,SCehTimiYCFeqN,6045060581837113820,9088271108774304158
oVJplVBWcxSm,TtaHMZCLSFgbc,7607635769334684830,2641492163464879846
UlaSWwNhBnGpPv,STSkFVuEHnVOWq,5937507792565690435,8609489698269578717
fGZjDtXVgMi,iaEZQpQyVJHry,2102967682358647498,1202985717611814748
KAykMUCTyaOmD,avSrTQpiQUiqo,8034481887354968632,1134044466717398515
SJueugoIpXO,sNiGpBlQPPZdE,8895458045737856632,3185620202727989527
JlQUAclDXGYX,EmIBjGDQIJmeg,8330742353169743887,5230281661310944652
UlaSWwNhBnGpPv,eqYSsaLDluSfh,279501203033926027,470092140186342125
UlaSWwNhBnGpPv,agvvmGBaOK,1972588109208294797,7270165816215022839
mTIcJJDTDJI,tePrqzjxxNzbwz,7542817762115523195,5383731944980219886
mTIcJJDTDJI,CbbtILHQez,1596499754074311679,4601291176691673205
UlaSWwNhBnGpPv,cuvBAkzgjfg,837216785186533720,2835362340228658561
mTIcJJDTDJI,KfTjtkJmfmVsv,1033251722980496211,9044027596184012198
mTIcJJDTDJI,fWmUzAdZUZrTWl,6293372158839136370,3217733134088405417
zWrhSxwlMWktC,DqltWssXNj,7067711040985963042,5047389510158982063
mTIcJJDTDJI,WIWySWwhHD,2748852781386616354,6770367740102646656
mTIcJJDTDJI,CHRJAvBJtO,4712024113449003546,9206732968379063490
SJueugoIpXO,cNClMiuaZx,3954833161873273925,5266765400268874095
mTIcJJDTDJI,YYVRPKTgwtFwp,1933852644847091703,1921163086498142752
mTIcJJDTDJI,sCkAnWaNTlaY,5012630537166071162,7229296553903485654
xZHmxsgyYfca,jWxJvYCAoeIaBR,6451406234693307569,4746825299709870648
mTIcJJDTDJI,rRFlEztJAtwD,7855001432997328345,1390435612102957647
UlaSWwNhBnGpPv,bRjnhNtTaptfy,1669866081591637774,2715812062050062932
oVJplVBWcxSm,plHZXaGBoD,946869423548309885,6107136347157210293
JlQUAclDXGYX,kJLbzHGMNol,78537498952991169,4772319967570803690
UlaSWwNhBnGpPv,cCMOKwTRCLx,4352240770516079946,1136219286020720866
zWrhSxwlMWktC,foHcCLQkaIluSs,4706997553287620255,4145034738071185549
JlQUAclDXGYX,USvBTexdcIrB,3593757132967186773,6803056048675470277
zWrhSxwlMWktC,KksyQbqXCKv,4850917226237932572,7423448295619121279
fGZjDtXVgMi,kJYVKhIAbPcS,5204272294285197822,6691227797263020052
AluljbrRXXJjx,xEsqKdnhxvvI,3198850053244600874,3575726738549733414
fGZjDtXVgMi,VKdplHOGvD,4583965993829857718,3579715219036951283
AluljbrRXXJjx,NxhEmBOiaCmEB,3033093417535314323,551556239386912970
oVJplVBWcxSm,DipeXTJBsv,1732173591607629051,7006933044571256030
AluljbrRXXJjx,EOWWdgfbNBrwNH,9126954083785827137,4564749197706619750
oVJplVBWcxSm,yAmHfVeDMyJs,5637344067134089886,6702615745324610898
AluljbrRXXJjx,BzNODeQAGFHU,7472712340156622228,5275210368692430643
fGZjDtXVgMi,IBlWRCrwMYFLxh,5731467295651709739,3942884400576041902
KAykMUCTyaOmD,zJjJvGvPJwYcca,9070940227215334310,6397710284213524728
fGZjDtXVgMi,SQOXyOZHZi,702374812129524315,2313449869935192261
KAykMUCTyaOmD,HOdbuqvyDZVQqn,2083122895235113980,2827720957001431527
oVJplVBWcxSm,YxMBuOZyVoSYSR,1003611581030657450,3217470375169894767
KAykMUCTyaOmD,saBWohYMxiBh,7428068298485433006,8906854812771417618
SJueugoIpXO,ynOKryNVQylnf,4703242906262680282,1194356603575091324
SJueugoIpXO,CiMoCfnOeCPTCr,7032809961033942447,7627128975947248266
oVJplVBWcxSm,EYKSglLRjfTM,3983173711024629131,209006921265697776
AluljbrRXXJjx,MExeRzAmYVVyV,4471348570944585924,149989348080321958
SJueugoIpXO,WtbjuuveYvII,1154203783261707492,4517467740415469233
fGZjDtXVgMi,zQgWHBVeGOw,47357936338320704,510095842487425613
KAykMUCTyaOmD,wMkGoxbwLMW,1832246659724713563,3843259646883355118
JlQUAclDXGYX,hDKjOlPkgcrs,8495707633793673956,5551352529725232380
mTIcJJDTDJI,QPhxMaWHAbnhhu,2854023764808606794,4481398375205904090
fGZjDtXVgMi,jTPVXoxEWsHAU,8687086214392234007,8864251128310392212
KAykMUCTyaOmD,EvZMxQhbrx,7596891251823969739,2296249850917965432
zWrhSxwlMWktC,oDuEjcymFfQenN,912533272991641123,6964194398188445979
AluljbrRXXJjx,ThiHNxQFtY,6097099743701725237,4308990257302435921
AluljbrRXXJjx,VlvQWfgCTA,3628764935795009480,9038648958660589131
SJueugoIpXO,QJPxKOJjSkwdf,243765454228245519,5993559994160417370
UlaSWwNhBnGpPv,bPdYvsdORK,3018165803517932764,5041888918311315124
KAykMUCTyaOmD,ysnxeCjYwQ,9197675833093096110,6601070342368700339
JlQUAclDXGYX,TgbYaOgwUgro,6947136967876710036,5578265344420949504
xZHmxsgyYfca,zBIDHeXyhUEKrK,2538355153137686187,1705082480815479396
SJueugoIpXO,ShNaliKbspgobF,1419532091799150174,916042422743089612
mTIcJJDTDJI,XWOmbfjCiArEIy,8173049555940816756,295437391168382877
UlaSWwNhBnGpPv,xTigmzReijQUC,6284460730076161050,8725952011829191348
SJueugoIpXO,gHxgIVNyefwPOA,6223378308879263490,4126087035426224938
zWrhSxwlMWktC,YgckFyhhamgufv,8180235448043238421,3393560978606655253
AluljbrRXXJjx,IVwhWjqywDzO,8868195663009043651,3411932155914054795
UlaSWwNhBnGpPv,OOXzkTNIypJ,3415132192136429352,2543709518183345236
xZHmxsgyYfca,KxObEJogQu,3102296424286483888,49105164994075061
mTIcJJDTDJI,dyxkIsWUWoM,2408041274765560416,4621544040229555854
KAykMUCTyaOmD,UAjPYZpEaO,6898414456458675639,783641812144661784
AluljbrRXXJjx,gpRkQObyZR,5128423318918685868,4056360440680055625
xZHmxsgyYfca,pXodKtENNsCaLm,7584390955942188386,6710290133761022295
SJueugoIpXO,GlJxmLBSfKP,8768669594141704456,8636727583374358147
oVJplVBWcxSm,onrvdZQVcO,158784015572764261,323286324709189044
xZHmxsgyYfca,igXvyNQfxLTSo,9111039577696501421,454963765017803032
KAykMUCTyaOmD,XcmIJkhFGoMcaG,4499764006331455577,5603834673145448424
JlQUAclDXGYX,SZFgDQPwGuvvEm,7516917063444842307,3347014231639137539
zWrhSxwlMWktC,FrMCgnNOeyE,7043036276167191251,8713542420610211101
UlaSWwNhBnGpPv,ElwJGprkUKXK,7991094750667624471,1463937800779357435
SJueugoIpXO,VfynaOiqfM,4271876224295020122,7343323518134440169
KAykMUCTyaOmD,kAmOcPFvFDc,5627415502366101323,5294182886299662715
UlaSWwNhBnGpPv,sRqwzuTvUW,291143993297257152,2471114749229130539
xZHmxsgyYfca,WQTXUUFGMjW,4677523481520514359,9155616499158613206
mTIcJJDTDJI,QjlftudsJx,8582497464211417854,2258992483224287917
AluljbrRXXJjx,ThiHNxQFtY,2842399470984638890,2153036202673931447
xZHmxsgyYfca,LlBzVvSOuXj,5913565319751812816,900571948404869758
JlQUAclDXGYX,hgRKLwVJVoph,5792134839363952176,4028842986002436133
mTIcJJDTDJI,QjlftudsJx,7093139010480299506,8327254004230171101
AluljbrRXXJjx,tuVdsjfrJcy,2967095435751591645,2677252125451035138
KAykMUCTyaOmD,YSFbLaFoQFI,2761962832388383641,1649921946906078907
UlaSWwNhBnGpPv,hwtZWdDaMJ,1316849443209034869,1794106723849387530
JlQUAclDXGYX,HvBhbeSKGc,2644069378555360566,8514914290721469684
KAykMUCTyaOmD,amOlGEvhGTa,2438612655722631668,8849246774512757764
fGZjDtXVgMi,YIbZSgFoXJJQ,200595122932216360,3746520955385257003
xZHmxsgyYfca,ddIOUcOlPPlQ,3322215445254778159,5980269310668807646
oVJplVBWcxSm,jFamkXephqsQV,4841510733555641588,8354599041353889854
zWrhSxwlMWktC,gAAvNQyDRsksmb,8999376141836201473,8621812551714519820
AluljbrRXXJjx,PTHFCCxrrvqioB,2216938621092205305,803189714983515644
oVJplVBWcxSm,bxEEppajVRw,2202622057429147203,6825250913804373278
AluljbrRXXJjx,EwPnQsqnWGSt,1433315319027026392,2249969461609507094
SJueugoIpXO,gHxgIVNyefwPOA,5577399059948547069,8229781879168272801
fGZjDtXVgMi,ldIRrfyKKyn,5803111528097314817,3422951622628736746
xZHmxsgyYfca,VCYbfiVdGvwH,2193179882280780764,9005769013968440008
SJueugoIpXO,wwqyliPdWwKO,3809070150485704471,6483483206079603558
oVJplVBWcxSm,HrJvpTGTAxfgQk,4401240499276908701,6487726260297407482
JlQUAclDXGYX,jlWWqVNJItJ,1693670461868342234,5297756136595495575
UlaSWwNhBnGpPv,eWaccikYpNtJm,797446495489034880,8873123550526137586
SJueugoIpXO,imWPQoatdC,5969390301317592827,9153866718417260031
fGZjDtXVgMi,qosCmssxRyIz,2134802123625611895,3433191686876317819
zWrhSxwlMWktC,wbKVyzAuDWBKt,2606857507455878461,6389231535518134148
UlaSWwNhBnGpPv,XlfNaFmbkIT,6091811067665058340,7351232497155768712
xZHmxsgyYfca,aHsnHaORyCX,6576115600673745895,7409668374871213352
zWrhSxwlMWktC,EEJndiTHjq,8936839887978202366,5745862702250830435
oVJplVBWcxSm,PSdAkVAnBujYK,8900780159382159577,6601579139960926217
JlQUAclDXGYX,hFhziWgHsmakPO,4543954694427863312,6885716306136517057
zWrhSxwlMWktC,CspOVqRBisyWI,7639068253796551179,5285797442423880477
KAykMUCTyaOmD,UlmylqztrTmGa,1873002757602928973,2929350506438943464
xZHmxsgyYfca,BQBtNycNqqFj,8424573831248552980,8477930725550798178
AluljbrRXXJjx,AaUeAvXqYHGYzn,597249315343905081,7651610157795045081
fGZjDtXVgMi,tIzNSQJGKMUH,6835142190731346546,4171864156674834792
xZHmxsgyYfca,hTubfSWmzVTT,7263634152862056542,2669627121810331422
AluljbrRXXJjx,XjGunNWxykLNRK,7926095302965676866,2872972057353148474
xZHmxsgyYfca,kNxoZvdzYyaY,1049922273034887678,5056738653144407459
zWrhSxwlMWktC,FlKpeQEjOtr,6896736821634671778,3723127614429156227
KAykMUCTyaOmD,ItqwYfDqALI,7201272083443480362,8544909373581607872
oVJplVBWcxSm,VmcGSEBFdbV,7917671623354455260,7691365393564702498
mTIcJJDTDJI,CEDrHYwOrSGKVz,5627553431540664172,5122350490493232138
oVJplVBWcxSm,hTMoelAxuuIS,3086546583228448495,757134185408327772
zWrhSxwlMWktC,KnnbVhTuRJQYWD,8073035236956302655,1879849484295991743
KAykMUCTyaOmD,jwJzlcEXtjygj,1074141709710532352,587010619757193537
xZHmxsgyYfca,tEbPsmRBbYG,244513344226283866,8256123143819232586
zWrhSxwlMWktC,BBvTNOyxPS,5897865247501911821,1159587453424824079
xZHmxsgyYfca,iNgOjElLHhUIq,7481729305119203390,4720547718769383611
xZHmxsgyYfca,PuHSeZdAuEig,416106513623405890,6378924144247229680
fGZjDtXVgMi,rbXUeibgWPTSz,3062248265589789234,7973553482651714262
JlQUAclDXGYX,yldtpywXIvZ,6461009277428523222,5733025052864500572
zWrhSxwlMWktC,jYYuukDMPSzA,4686661566824638302,9018558752694511396
mTIcJJDTDJI,kvfUaOVPGUKD,9115384210009952295,6988336206286848038
fGZjDtXVgMi,dUXNCYhUPUBhNV,5145089232573162870,1507756101021391406
oVJplVBWcxSm,dGJLBGdlNxR,4605604996032730137,4423506194368862710
UlaSWwNhBnGpPv,KRpgQJbymCi,2932082656548159208,7334480538039642861
JlQUAclDXGYX,XoFrhcMYck,6914965775329887404,4782996987333215655
UlaSWwNhBnGpPv,MHmTkeFcfBYy,4100947172881573935,1734133545774965197
SJueugoIpXO,XbIHSIgPKKm,4245879204498250461,4515837832791523230
xZHmxsgyYfca,fdRczjxUKn,7454442923799567429,6852046450530243678
JlQUAclDXGYX,cuqHwvDgVe,2164323548478276543,4177726637859392076
oVJplVBWcxSm,PCpdqWttlLaVn,2253989492698499458,2408470422899261455
oVJplVBWcxSm,afArBEZpkL,484493013880567591,8423595760607800345
fGZjDtXVgMi,MgUKpMvDPjuOh,1272560429931495112,6391944762599088495
JlQUAclDXGYX,HIxAdpbOETahof,5001705353507337790,8428544344681599131
AluljbrRXXJjx,OucPvjoVhx,7447609246217530658,7730466862690961018
AluljbrRXXJjx,OSLXQiUqzLp,3387606334234559227,607934651488731974
xZHmxsgyYfca,ENDNwniNpiyTTP,8201389160044797803,2126671766158732346
JlQUAclDXGYX,EeUIyrsSBSO,1881712257169416691,2319742653594639442
AluljbrRXXJjx,vppuBWhZegfWxK,6556525302428146832,7450788672368327866
mTIcJJDTDJI,tjTruherjtQAqA,6488815433723741923,1914192073572365871
xZHmxsgyYfca,MzzHjhDQtIwl,3961837401872780475,3274686387107440706
KAykMUCTyaOmD,mVyLjwHZjWty,2942908801355218326,1231821478888634890
zWrhSxwlMWktC,sfukSzwQuTcpF,3659307033972378121,491972084730298104
zWrhSxwlMWktC,GnlCmQCIlUo,2610929427510623640,7645389727981856706
SJueugoIpXO,rRATXWvsyzSCmH,8913363665330394474,3096124181867699827
JlQUAclDXGYX,LURRhxzyQnJE,8527735786542772889,6517343591980269206
oVJplVBWcxSm,cBfuRusanHjJ,5046095740979813391,6710432225127181807
oVJplVBWcxSm,JYkkZpNYVnr,7936032569194169584,6421049512236038685
oVJplVBWcxSm,plHZXaGBoD,6215101999963981538,3228079872239251426
zWrhSxwlMWktC,jPzYYraaHkP,4012421619518196788,8819636456796342421
JlQUAclDXGYX,qbCzfINPzqXwv,6849782711704809792,5243225609170260402
zWrhSxwlMWktC,DQGNptqaFQuz,219753761652177511,7098267924225297159
AluljbrRXXJjx,ThiHNxQFtY,4971282466994529018,4051072530532640580
SJueugoIpXO,grePsYYBmqCyou,4544734390166172714,7862454167123544760
xZHmxsgyYfca,aHsnHaORyCX,610786255595481483,445061411820288055
KAykMUCTyaOmD,vBZJyFaUcWZBo,4653008140650066571,1719921171801284492
oVJplVBWcxSm,HjiPguGhRbJW,6985211770639838363,8339700067183915783
zWrhSxwlMWktC,qvDnYtJrEqNZ,7515253900805375409,7478137010240456516
JlQUAclDXGYX,YVsRMffOwNgP,8699945592942634572,3982626741612656323
SJueugoIpXO,BHkqcSosdYM,3195577719671329720,8136976791684908293
JlQUAclDXGYX,ORuZzjaoDDSnyX,1738498609961680060,7634940839796785719
UlaSWwNhBnGpPv,ygMSgnmJQiEwWR,5775794430183384264,6161793500165071979
JlQUAclDXGYX,cFjgqxrSpYVIZq,6696299889642163923,9126253584304338810
JlQUAclDXGYX,sYkTNYCCeRnfmj,4934236058445828458,8598901771694418811
JlQUAclDXGYX,cFZBEhMEiLlpeU,7193917521894781307,3963425885074758133
UlaSWwNhBnGpPv,AJyRZpQuaR,8575055692804667801,3190550429867861096
mTIcJJDTDJI,QuXqfsNwDooBrd,1027589692251594285,1808675476451191262
zWrhSxwlMWktC,AdTMjPWWZB,8615277908947630441,834950525286664083
fGZjDtXVgMi,KkxBeyZHLbl,9123601110935763334,6115200108375860669
oVJplVBWcxSm,AayGGallqPMUZu,6351429767687371336,5361585771144559950
UlaSWwNhBnGpPv,pPMiQkJXSlEvM,7681972765476611339,2129357317396418849
SJueugoIpXO,AInrmLcRXwoBhK,3829491693625357702,2843810976403270559
zWrhSxwlMWktC,ctpTTNVAECf,6863649210197672320,6433683486853110326
oVJplVBWcxSm,plHZXaGBoD,8004813973525482641,7658227247852432307
mTIcJJDTDJI,whMKorHhOoRlWO,3078007226700358988,5628952106486249574
KAykMUCTyaOmD,ysnxeCjYwQ,8276802848145980619,4680035426073713999
oVJplVBWcxSm,QPwnpqvlMi,2323541406180524608,7793816308386777443
oVJplVBWcxSm,nZKpGyzCLzaPdK,1149653363963676547,3160245933530538687
fGZjDtXVgMi,TDullBGOGe,7981545527762415040,2916897487241463603
KAykMUCTyaOmD,ysnxeCjYwQ,8813277139555863648,2785727092592066777
UlaSWwNhBnGpPv,GRfTmsbDrRAit,4141612716791693399,1545370815710169581
UlaSWwNhBnGpPv,wSgaADsxLbwEEW,4586428775371344544,760895683479873179
SJueugoIpXO,FoXOwvkXrU,3866517086661045518,2277847510984039838
zWrhSxwlMWktC,CWuVORrXHrTE,2570422992527794978,7249918607059037186
UlaSWwNhBnGpPv,GRfTmsbDrRAit,5305292334726398769,152238589975584385
AluljbrRXXJjx,KXecMKaFBoh,2467384309742552593,1905224031992661491
KAykMUCTyaOmD,IJlVVEkaSL,2355074934196870724,3118228536751683306
SJueugoIpXO,XFefiADyMSlxj,2764529771229790002,3270023157801659775
KAykMUCTyaOmD,IsXyJqnVdDAb,4185231744275335583,1759061973754268821
xZHmxsgyYfca,hZDiIBVlaZIeYD,7431261152527928683,8692221807505972253
AluljbrRXXJjx,ThiHNxQFtY,7035078664203673415,5710239216338720998
xZHmxsgyYfca,JgGqNQEHoSDi,4738074759131847192,702129407872841552
SJueugoIpXO,YgDXGTMnfN,5023415207952008360,3939111097331879507
zWrhSxwlMWktC,BLPDPJaGvwo,2863881710742764546,6734744962328882287
UlaSWwNhBnGpPv,bqZiaikYLv,3400090429010412081,8511506833020174877
xZHmxsgyYfca,aHsnHaORyCX,1677226680204721513,6322354657406382242
mTIcJJDTDJI,iqvMvEbyFzQ,7292600677400160186,5653012919830320764
SJueugoIpXO,iFSCOHRJpEEb,8597392278117234009,6254335303141312245
SJueugoIpXO,opjdURanwUvSjr,2617425944957259928,5517195608690275603
fGZjDtXVgMi,pTDaGRQXLxnO,3850396091663320195,4080282860669710925
KAykMUCTyaOmD,dmTFjQOhpYZ,1150885091279047949,8294116624463848768
mTIcJJDTDJI,QjlftudsJx,4888724740506020869,6316232734907636460
JlQUAclDXGYX,sYkTNYCCeRnfmj,6561802195075511537,565589128235885938
SJueugoIpXO,zBKsjuHWPgbWRN,2494159211562902790,665537996897176748
AluljbrRXXJjx,rsXRNvvDrZ,896157590930793417,8740736936684213610
SJueugoIpXO,gHxgIVNyefwPOA,4760191252683801874,4443260829185191340
KAykMUCTyaOmD,sLJqWVxFBRmn,6500191182495305247,3319222991747226134
mTIcJJDTDJI,vXGlpEMFXW,626586320842942232,8215714102240617
SJueugoIpXO,PolEXpNiAJ,6031749013434160254,7938133213043086129
AluljbrRXXJjx,VwGVbFyJrzjhmv,6818869494092589186,1956671670632522366
UlaSWwNhBnGpPv,GRfTmsbDrRAit,3693412424669691128,2447025701214410660
oVJplVBWcxSm,rcZlNAqpMyPYh,7107891954626690685,8378895256499617433
oVJplVBWcxSm,qtcIHxhqZQ,5220124513050727852,5212107392710894992
xZHmxsgyYfca,IFqONSrUuyarv,8695753798655818684,5863184649989766464
xZHmxsgyYfca,KYbAIQpvZQo,8966038456745367898,404177061507943640
SJueugoIpXO,KuWnhUSgBFN,6435525786947440847,7088491894833202134
fGZjDtXVgMi,sajVesyEKce,3335717314668171203,4247488467253647822
xZHmxsgyYfca,bAFpWapIleB,5877844010704120628,8585526429259058661
JlQUAclDXGYX,IdpifUyqIIVZ,1213953987584641932,8979068188721190917
oVJplVBWcxSm,JpSSxIIeplNn,861087691000493083,890914024409323882
SJueugoIpXO,eyjQYnAwSUjzK,8046673375058185210,5231003950769550338
oVJplVBWcxSm,VXzPJrHzOEZd,4638964654119620672,7821784710327407630
zWrhSxwlMWktC,xQKHEjHlmEWY,5134182065967985590,8051755178842841966
fGZjDtXVgMi,PtRVsWNxIxE,1375993429328366974,2883663038000104572
xZHmxsgyYfca,WXlMeBKmDYPD,930419585131193271,1772615008239755393
fGZjDtXVgMi,rBgkZykkSL,3325118893740203218,7502119617102021120
fGZjDtXVgMi,jfWafiTuQTeCfb,9042846787304173773,2036516630988344935
KAykMUCTyaOmD,xLTkVrsxszwsWp,6030919561591571820,4166955597976879952
zWrhSxwlMWktC,tYwyLBkLTai,7186150387819619382,3366371542171736194
AluljbrRXXJjx,HWKhnjcBRzkEk,7252943037711892162,1988118133601511742
SJueugoIpXO,RPCnERHFtJNNYD,775816884778389668,414725181227752998
zWrhSxwlMWktC,RPvpzCHiGFVDAh,3936535964977750282,7820728082645517605
zWrhSxwlMWktC,dWOieKDBrMi,2639229818888211301,5523048793625018224
fGZjDtXVgMi,cdEZpErMXoRNqQ,1540740874012329293,4225198300762363118
SJueugoIpXO,njkxwDWMGTnV,8457178050940844475,4957322127817138567
UlaSWwNhBnGpPv,ulOJLpkHaJ,5773503195177472803,5011626766108049224
UlaSWwNhBnGpPv,AzkDzVkvaLQD,4854769233055446434,628582005738181528
oVJplVBWcxSm,uFdgVMKCtPVkhM,3108410910833114540,3666568123336176154
xZHmxsgyYfca,WEnuEJAbgm,2670302123116808257,7513689095140168249
zWrhSxwlMWktC,fcmQguwMjiSGB,7265970755105172528,5063988350146628566
oVJplVBWcxSm,ymsXksIUUme,264026472440908015,3020073573080193415
SJueugoIpXO,ECbCKPvnGf,5350769693730235318,1400457376550583823
mTIcJJDTDJI,yUFTOZdwWKJT,2631141544501086200,6228850439416970293
SJueugoIpXO,ygTzzmDnEcl,6892607510448772761,7352527868070336517
xZHmxsgyYfca,oAHVmtqSUnp,4760606965780801186,8041410976951548055
JlQUAclDXGYX,RHjZpVsyrrxm,7022717754804955299,8378847355407633383
AluljbrRXXJjx,nnnMDIqfBR,8792285581467137562,1114872779993594464
fGZjDtXVgMi,CPJXYUdOdPt,4144736365176741764,4186597127662254397
zWrhSxwlMWktC,TOCkZPlwqD,9098300746886311823,7426129691125391982
fGZjDtXVgMi,UkazhTIOhACs,2285888428056662459,3216371735290299905
JlQUAclDXGYX,MrpCvfIOLPrqd,604695043627018203,355918973868450486
xZHmxsgyYfca,VrKpsUzAhYM,2319166845689695352,8105230944161902711
xZHmxsgyYfca,JgcJEYkdvg,3187117569570299175,1433938538666501247
oVJplVBWcxSm,bqArBMFaUbOVKV,5576395435404455154,8524259049785384577
SJueugoIpXO,DiLsPxxWmesKY,6401653391934080123,2388414596195139348
zWrhSxwlMWktC,rTVMfNHNOEvG,67595349886183624,8421585244465826335
fGZjDtXVgMi,daDSULCVivDSh,7671542287666631713,1999175061105914767
UlaSWwNhBnGpPv,fXyZjrQaVjF,8533733501000807435,1392424730026407586
JlQUAclDXGYX,qIgkvDypEelvS,1881131377413353794,4714817647984531374
SJueugoIpXO,ODazfwpCHGTn,5197022253179078995,1425308638680271634
AluljbrRXXJjx,dQxTaPYMxp,4215570674597177134,1651028029299790302
SJueugoIpXO,WEvuuYSpUiRa,7414847016637388693,9162485826989881907
mTIcJJDTDJI,NGVQYpKMciQ,3461949151869523312,7442411774477424142
zWrhSxwlMWktC,qAkiExzkHUNL,5429682088312158612,6073289366298589898
xZHmxsgyYfca,oXLgYDVKyxK,7593206085841970750,5175314767889868014
JlQUAclDXGYX,VzHDnZwYpsrime,2844724322701829245,8095970628157852436
UlaSWwNhBnGpPv,HTPYDQXVlEU,4299935256709655216,3929893305053914504
fGZjDtXVgMi,ohlmTztzDpccx,7586338772180763235,8631575224231287683
mTIcJJDTDJI,oWHWifnnZP,6808829755765561984,4719043982340841727
zWrhSxwlMWktC,IvvbNCmylh,490444034419836959,2869604119553819461
SJueugoIpXO,rKUghWultb,3394098487312193394,2801012933273599289
JlQUAclDXGYX,YAFkFmbPgP,3820306051431551202,7404527299630968013
zWrhSxwlMWktC,xubaKOJDyh,6906935574900305337,7817388112038767584
xZHmxsgyYfca,zhQYVHQkQPTEZ,7458203578133672024,2841470041290301363
KAykMUCTyaOmD,cEgobqgdnhSs,2706461246553071358,323077618351679426
oVJplVBWcxSm,fPYbWTUqmmZ,612819807901023713,4697750545940406516
xZHmxsgyYfca,infJLUZgAA,6821868083949726638,3533400963919615640
UlaSWwNhBnGpPv,GRfTmsbDrRAit,7856573731864306222,5934875552282582297
SJueugoIpXO,xIHbEzwaIJtjXi,3014893127227829647,6827283484415913528
UlaSWwNhBnGpPv,xfyajCsJTWZ,5686185998713050659,3678247517637732616
mTIcJJDTDJI,wwGGNULIUYd,7865051443139244806,6074512456267002462
JlQUAclDXGYX,sYkTNYCCeRnfmj,1846161287680149693,2921083177299074529
JlQUAclDXGYX,CrFdnhxYabmDWz,2577706175345429446,3261308731899852680
zWrhSxwlMWktC,ogQgmLcTWC,6175207467567587255,6212364894850203932
KAykMUCTyaOmD,dbzvBuuYhtg,7466805586450490969,1682381900043461984
oVJplVBWcxSm,plHZXaGBoD,4299670558322611946,1189274643750642804
zWrhSxwlMWktC,ogQgmLcTWC,3786341150857538460,8237137376701907482
xZHmxsgyYfca,yYwqtAyOUOFyu,6657824926349476472,6829058454709957977
fGZjDtXVgMi,zDmfglwIXfY,864043943934846039,7445067190394571969
oVJplVBWcxSm,tuVbIwqZmWkf,5984589301187414105,514846877121757496
oVJplVBWcxSm,EYPZxJMsqJXRH,2206366686668077008,1661159095341876765
JlQUAclDXGYX,sYkTNYCCeRnfmj,8737039256479244429,460944459119028834
JlQUAclDXGYX,zsFOZmUJMv,410605363871477988,5935549192760846415
UlaSWwNhBnGpPv,nuhPhhdYnSUT,534059087247098257,5404240620742069870
AluljbrRXXJjx,fVNLYPBwgtjzQ,7108957306044508830,7254179973046106341
oVJplVBWcxSm,plHZXaGBoD,4275056268806692585,1072724073250404672
fGZjDtXVgMi,GZZrsWzVbCQ,2542890640900419485,6956732583936567911
mTIcJJDTDJI,EgbUWhErZRkt,16584901468649523,8584344987571544804
xZHmxsgyYfca,GKxROvXLcF,1401820112005004786,5774517660836546643
mTIcJJDTDJI,WvoQbicVmWlLm,2995264164056375861,5212866198697627443
zWrhSxwlMWktC,UnWlBQJkHMDCnS,457488374027410066,7761778782287102437
KAykMUCTyaOmD,IjCYCLMpyNFZ,2718397869774845483,6023098915124560363
fGZjDtXVgMi,HCrBbDrhoprj,4105135582785290098,3222295855232307756
mTIcJJDTDJI,rVOsDKpgNAVj,5696872178786000576,5172927234706078011
UlaSWwNhBnGpPv,NynJyzprSedtwQ,3297326507433115830,6049563763028202373
AluljbrRXXJjx,JZGAdHFUsiNtya,8065675123914773673,2245368292555475158
fGZjDtXVgMi,lFGLhcUhJn,2581664729023344076,2952577837888971390
JlQUAclDXGYX,sYkTNYCCeRnfmj,6874577974740511132,1863389283577624692
AluljbrRXXJjx,dVWniVgNbcY,8929164803597587239,4362614861345410491
SJueugoIpXO,XkAjRMCciKJGW,3434627546923811574,8168364346106148714
SJueugoIpXO,QKaovXQvlsYcen,1064910776553195195,4863496978066641698
xZHmxsgyYfca,ldgXRQxztINr,8468450957126417413,4420249298901917978
KAykMUCTyaOmD,nrFgqhyCnddya,4508581413636666082,5001124239931501992
zWrhSxwlMWktC,gaxnkkrYTL,2839850253321938316,5152551850433568254
SJueugoIpXO,iWDuXsZhwebCgl,3066602686671050063,4774042191084151984
AluljbrRXXJjx,oaCgiAIcHtwg,1717546280792660713,2321757510137172210
oVJplVBWcxSm,PebuBMxjprDXs,8674523935032275258,8698587958374241241
fGZjDtXVgMi,ldCSCsetkdC,9119079516798444438,8186162356325709102
oVJplVBWcxSm,EBQUkmnIbxiFxS,7037777640793531756,6864575513119556286
KAykMUCTyaOmD,ysnxeCjYwQ,1928962478056526206,7916737687985299947
KAykMUCTyaOmD,oZuspcHSynq,4152630459034283032,5701734603709951318
SJueugoIpXO,kanixrvoZGEmv,1563755445906160089,6184709396680248959
mTIcJJDTDJI,XAuGPjwzaK,5953642302140925770,1359870672648679771
oVJplVBWcxSm,BBFjEvbvqNXLCK,6691622516383343271,2828232465069679874
KAykMUCTyaOmD,dWsgcSahzh,5058294906609041002,4712785813971059093
zWrhSxwlMWktC,gahiPsMRGW,6036839477822094966,8657541287655274723
SJueugoIpXO,qiRzLkxFxMeYLL,8842803750053667572,3238675147562136341
SJueugoIpXO,gHxgIVNyefwPOA,1367623355322733760,3623294243025821187
UlaSWwNhBnGpPv,JlAtmJIOHr,7179590813747214454,6649553012200300462
AluljbrRXXJjx,xgAElDBuQVB,756774256453813627,1149743696404665656
xZHmxsgyYfca,ewhXBjCPap,2760496538044916789,6073236922862752857
xZHmxsgyYfca,KlXKxxluvCM,8883509990848430423,7570013973096033193
AluljbrRXXJjx,xIFjwABdyswJ,7511673928023344535,811468404013169020
fGZjDtXVgMi,oeaBFbGyjGWPH,37677374528054896,7313345892488340791
AluljbrRXXJjx,jKBhluJjPfwv,4383165504564790274,382678327348119967
JlQUAclDXGYX,yhRQkcpbLqc,5009876759899637880,6369712788344155360
fGZjDtXVgMi,qXUyKFbeayDQ,4748969283394815928,2252773554324243046
SJueugoIpXO,dsITmOwdCtzR,6388289673797232919,4515344872182008779
JlQUAclDXGYX,DQwXAeELnFnOo,2421992405984550879,61957116321512894
JlQUAclDXGYX,sYkTNYCCeRnfmj,3262995258175998986,2231238130848810300
AluljbrRXXJjx,cqqNmlcwdIY,7816019640232461022,126222827489824108
AluljbrRXXJjx,uxBveYnsMWQc,3869296620612556788,6609509779864102431
oVJplVBWcxSm,bVMFtAUWQE,2045251821660502661,8564219548615956525
mTIcJJDTDJI,bTdmBrRXGb,5643996807500913762,157298881163617123
oVJplVBWcxSm,AMpqNficmze,1075130557886814365,6555675859229748031
zWrhSxwlMWktC,kCSIbTKduHGPu,5991019144719017558,7550338633035760999
JlQUAclDXGYX,hWbjtQzlFsiClC,5180695718257080612,6419308275160328304
JlQUAclDXGYX,LTzkKWoNeVLGs,5172793632954677411,4115859950024297760
AluljbrRXXJjx,ThiHNxQFtY,5819585673740194720,558097203104076077
KAykMUCTyaOmD,DySDJPEeJfLr,4853394885957366865,7773672242726579181
KAykMUCTyaOmD,XEgfgRXdRQoyQD,6191778105375708588,7381941244214302528
UlaSWwNhBnGpPv,McevEuDmGk,2255006746127685016,4990218631263660947
oVJplVBWcxSm,plHZXaGBoD,1487839506833784028,2681696626086340722
xZHmxsgyYfca,cRSNLXCXLEtrB,8610375895087505994,6871447233348720445
xZHmxsgyYfca,mYxSRCGhTcGde,3221680603883104309,9194756940271059718
zWrhSxwlMWktC,JuxVoJgxxOACJ,1448785757692833288,7922699383100915378
zWrhSxwlMWktC,pDUHjbbflh,8853796464526858629,1155142016810337136
xZHmxsgyYfca,SMqUaUGSKdlt,4653464878438043652,6513625539036344979
mTIcJJDTDJI,LqsDQSmzevq,9141209553255526885,3076832745514919841
JlQUAclDXGYX,ctKLHTPGGurnJJ,6458368207942324786,4226320479760129854
oVJplVBWcxSm,plHZXaGBoD,502087772676057227,3376700616839163177
fGZjDtXVgMi,PFIsZaNSTiev,1722671817030421560,698769777458867241
mTIcJJDTDJI,eQbvZFejndV,5569637996452880380,4791179286228733628
AluljbrRXXJjx,eHxXNRFauc,7217546864473501509,8807987058212038176
zWrhSxwlMWktC,BJAWRKLVER,3019300163754939570,761390985341253405
fGZjDtXVgMi,rSjdDmgIDtcACT,2688936511021155343,8516253441856859742
SJueugoIpXO,kdfoFKSqMOIcSS,3809265117495039775,7865950621762745239
SJueugoIpXO,xejahbgNNV,6162375023150919163,4256042996085619843
mTIcJJDTDJI,oAkLXEWQDCrBHe,5814024410145397934,723269691454488197
zWrhSxwlMWktC,dUMbsWdjACC,2379077824016350552,6582725191564707474
SJueugoIpXO,SzOtTrWHygrS,3841117551085346370,3870327195193469619
KAykMUCTyaOmD,DrXKJzStATx,9061943470579472235,4661495371312577499
fGZjDtXVgMi,iNEewiIrDjIO,3860619544534170823,4652574569472936674
UlaSWwNhBnGpPv,NmxsOMPjTaRUl,6775273224690302825,7165170618276508302
